<?xml version="1.0" encoding="UTF-8"?>
<metadata xml:lang="en"><Esri><CreaDate>20210309</CreaDate><CreaTime>11293100</CreaTime><ArcGISFormat>1.0</ArcGISFormat><SyncOnce>FALSE</SyncOnce><DataProperties><itemProps><itemName Sync="TRUE">RUNAP_2000_Clip_Union_Dissol</itemName><imsContentType Sync="TRUE">002</imsContentType><itemLocation><linkage Sync="TRUE">file://\\DESKTOP-2GGNF3N\D$\IAVH\2021\GEF_SINAP\temps\RUNAP_2000_Clip_Union_Dissol.shp</linkage><protocol Sync="TRUE">Local Area Network</protocol></itemLocation><itemSize Sync="TRUE">0.000</itemSize></itemProps><coordRef><type Sync="TRUE">Projected</type><geogcsn Sync="TRUE">GCS_MAGNA</geogcsn><csUnits Sync="TRUE">Linear Unit: Meter (1.000000)</csUnits><peXml Sync="TRUE">&lt;ProjectedCoordinateSystem xsi:type='typens:ProjectedCoordinateSystem' xmlns:xsi='http://www.w3.org/2001/XMLSchema-instance' xmlns:xs='http://www.w3.org/2001/XMLSchema' xmlns:typens='http://www.esri.com/schemas/ArcGIS/10.7'&gt;&lt;WKT&gt;PROJCS[&amp;quot;MAGNA_Colombia_Bogota&amp;quot;,GEOGCS[&amp;quot;GCS_MAGNA&amp;quot;,DATUM[&amp;quot;D_MAGNA&amp;quot;,SPHEROID[&amp;quot;GRS_1980&amp;quot;,6378137.0,298.257222101]],PRIMEM[&amp;quot;Greenwich&amp;quot;,0.0],UNIT[&amp;quot;Degree&amp;quot;,0.0174532925199433]],PROJECTION[&amp;quot;Transverse_Mercator&amp;quot;],PARAMETER[&amp;quot;False_Easting&amp;quot;,1000000.0],PARAMETER[&amp;quot;False_Northing&amp;quot;,1000000.0],PARAMETER[&amp;quot;Central_Meridian&amp;quot;,-74.07750791666666],PARAMETER[&amp;quot;Scale_Factor&amp;quot;,1.0],PARAMETER[&amp;quot;Latitude_Of_Origin&amp;quot;,4.596200416666666],UNIT[&amp;quot;Meter&amp;quot;,1.0],AUTHORITY[&amp;quot;EPSG&amp;quot;,3116]]&lt;/WKT&gt;&lt;XOrigin&gt;-4623200&lt;/XOrigin&gt;&lt;YOrigin&gt;-9510300&lt;/YOrigin&gt;&lt;XYScale&gt;450265407.00157917&lt;/XYScale&gt;&lt;ZOrigin&gt;-100000&lt;/ZOrigin&gt;&lt;ZScale&gt;10000&lt;/ZScale&gt;&lt;MOrigin&gt;-100000&lt;/MOrigin&gt;&lt;MScale&gt;10000&lt;/MScale&gt;&lt;XYTolerance&gt;0.001&lt;/XYTolerance&gt;&lt;ZTolerance&gt;0.001&lt;/ZTolerance&gt;&lt;MTolerance&gt;0.001&lt;/MTolerance&gt;&lt;HighPrecision&gt;true&lt;/HighPrecision&gt;&lt;WKID&gt;3116&lt;/WKID&gt;&lt;LatestWKID&gt;3116&lt;/LatestWKID&gt;&lt;/ProjectedCoordinateSystem&gt;</peXml><projcsn Sync="TRUE">MAGNA_Colombia_Bogota</projcsn></coordRef><lineage><Process ToolSource="c:\program files (x86)\arcgis\desktop10.7\ArcToolbox\Toolboxes\Data Management Tools.tbx\CopyFeatures" Date="20200905" Time="134654">CopyFeatures C:\Users\Daniel\Downloads\serie\2000\002f1a5f7d00a92e696e5f7b7780c0b6\runap_id_pnn_30100005.shp C:\Users\Daniel\Downloads\serie\result.gdb\RUNAP_2000 # 0 0 0</Process><Process ToolSource="c:\program files (x86)\arcgis\desktop10.7\ArcToolbox\Toolboxes\Data Management Tools.tbx\Append" Date="20200905" Time="134655">Append C:\Users\Daniel\Downloads\serie\2000\034e40c4b3ccdc5e054f506477b94dcb\PNN_la_paya.shp C:\Users\Daniel\Downloads\serie\result.gdb\RUNAP_2000 TEST # #</Process><Process ToolSource="c:\program files (x86)\arcgis\desktop10.7\ArcToolbox\Toolboxes\Data Management Tools.tbx\Append" Date="20200905" Time="134656">Append C:\Users\Daniel\Downloads\serie\2000\0383dce8b33c1eb25e9d034d673c4f0f\Tama.shp C:\Users\Daniel\Downloads\serie\result.gdb\RUNAP_2000 TEST # #</Process><Process ToolSource="c:\program files (x86)\arcgis\desktop10.7\ArcToolbox\Toolboxes\Data Management Tools.tbx\Append" Date="20200905" Time="134656">Append C:\Users\Daniel\Downloads\serie\2000\0414d651c1f9433dc09461feadb487c4\runap_id_pnn_30120004.shp C:\Users\Daniel\Downloads\serie\result.gdb\RUNAP_2000 TEST # #</Process><Process ToolSource="c:\program files (x86)\arcgis\desktop10.7\ArcToolbox\Toolboxes\Data Management Tools.tbx\Append" Date="20200905" Time="134657">Append C:\Users\Daniel\Downloads\serie\2000\0c8450de2895bc1799bb0283945dcdda\PNN_purace.shp C:\Users\Daniel\Downloads\serie\result.gdb\RUNAP_2000 TEST # #</Process><Process ToolSource="c:\program files (x86)\arcgis\desktop10.7\ArcToolbox\Toolboxes\Data Management Tools.tbx\Append" Date="20200905" Time="134658">Append C:\Users\Daniel\Downloads\serie\2000\0cd51830959c5bc90f546ffdd555dffa\Mistela.shp C:\Users\Daniel\Downloads\serie\result.gdb\RUNAP_2000 TEST # #</Process><Process ToolSource="c:\program files (x86)\arcgis\desktop10.7\ArcToolbox\Toolboxes\Data Management Tools.tbx\Append" Date="20200905" Time="134658">Append C:\Users\Daniel\Downloads\serie\2000\0ce3a50a6619f70ae1fd47243330b580\SFF_otun_quimbaya.shp C:\Users\Daniel\Downloads\serie\result.gdb\RUNAP_2000 TEST # #</Process><Process ToolSource="c:\program files (x86)\arcgis\desktop10.7\ArcToolbox\Toolboxes\Data Management Tools.tbx\Append" Date="20200905" Time="134659">Append C:\Users\Daniel\Downloads\serie\2000\0e6e7caefa20874a67258ad600cfc4f7\runap_id_pnn_02040002.shp C:\Users\Daniel\Downloads\serie\result.gdb\RUNAP_2000 TEST # #</Process><Process ToolSource="c:\program files (x86)\arcgis\desktop10.7\ArcToolbox\Toolboxes\Data Management Tools.tbx\Append" Date="20200905" Time="134700">Append C:\Users\Daniel\Downloads\serie\2000\0fb01c25573e3862849e0f20b6e32d4f\PNN_tinigua.shp C:\Users\Daniel\Downloads\serie\result.gdb\RUNAP_2000 TEST # #</Process><Process ToolSource="c:\program files (x86)\arcgis\desktop10.7\ArcToolbox\Toolboxes\Data Management Tools.tbx\Append" Date="20200905" Time="134701">Append C:\Users\Daniel\Downloads\serie\2000\1b38bd8cb2dfa1a843ac101809f469c1\runap_id_pnn_30120010.shp C:\Users\Daniel\Downloads\serie\result.gdb\RUNAP_2000 TEST # #</Process><Process ToolSource="c:\program files (x86)\arcgis\desktop10.7\ArcToolbox\Toolboxes\Data Management Tools.tbx\Append" Date="20200905" Time="134701">Append C:\Users\Daniel\Downloads\serie\2000\1f40a82e9accad4c37b5eb4109c52e0d\Darien.shp C:\Users\Daniel\Downloads\serie\result.gdb\RUNAP_2000 TEST # #</Process><Process ToolSource="c:\program files (x86)\arcgis\desktop10.7\ArcToolbox\Toolboxes\Data Management Tools.tbx\Append" Date="20200905" Time="134702">Append C:\Users\Daniel\Downloads\serie\2000\1f4f2b663749244530f1bc71171e83ba\Rio_Nembi.shp C:\Users\Daniel\Downloads\serie\result.gdb\RUNAP_2000 TEST # #</Process><Process ToolSource="c:\program files (x86)\arcgis\desktop10.7\ArcToolbox\Toolboxes\Data Management Tools.tbx\Append" Date="20200905" Time="134703">Append C:\Users\Daniel\Downloads\serie\2000\1feb5639a5066d9ae4cb3d3192857852\RFPN_Cuenca_Alta_del_Cano_Alonso.shp C:\Users\Daniel\Downloads\serie\result.gdb\RUNAP_2000 TEST # #</Process><Process ToolSource="c:\program files (x86)\arcgis\desktop10.7\ArcToolbox\Toolboxes\Data Management Tools.tbx\Append" Date="20200905" Time="134703">Append C:\Users\Daniel\Downloads\serie\2000\1ff0eb6934af1d706964d78fd91bc806\runap_id_pnn_02020022.shp C:\Users\Daniel\Downloads\serie\result.gdb\RUNAP_2000 TEST # #</Process><Process ToolSource="c:\program files (x86)\arcgis\desktop10.7\ArcToolbox\Toolboxes\Data Management Tools.tbx\Append" Date="20200905" Time="134704">Append C:\Users\Daniel\Downloads\serie\2000\22c352f2917f53739b23c4a4309fafff\Qda_La_Teneria.shp C:\Users\Daniel\Downloads\serie\result.gdb\RUNAP_2000 TEST # #</Process><Process ToolSource="c:\program files (x86)\arcgis\desktop10.7\ArcToolbox\Toolboxes\Data Management Tools.tbx\Append" Date="20200905" Time="134705">Append C:\Users\Daniel\Downloads\serie\2000\271fcf2c19f3e0c8ca3d53aa82107016\runap_id_pnn_30120001.shp C:\Users\Daniel\Downloads\serie\result.gdb\RUNAP_2000 TEST # #</Process><Process ToolSource="c:\program files (x86)\arcgis\desktop10.7\ArcToolbox\Toolboxes\Data Management Tools.tbx\Append" Date="20200905" Time="134706">Append C:\Users\Daniel\Downloads\serie\2000\2b2d35187a45b5118ae09c3da0a9ffd7\Buenavista.shp C:\Users\Daniel\Downloads\serie\result.gdb\RUNAP_2000 TEST # #</Process><Process ToolSource="c:\program files (x86)\arcgis\desktop10.7\ArcToolbox\Toolboxes\Data Management Tools.tbx\Append" Date="20200905" Time="134706">Append C:\Users\Daniel\Downloads\serie\2000\2b95eea30834b93d00f67391afe73fb7\PNN_corales_del_rosario.shp C:\Users\Daniel\Downloads\serie\result.gdb\RUNAP_2000 TEST # #</Process><Process ToolSource="c:\program files (x86)\arcgis\desktop10.7\ArcToolbox\Toolboxes\Data Management Tools.tbx\Append" Date="20200905" Time="134707">Append C:\Users\Daniel\Downloads\serie\2000\2cba2b9d79d29b7ff855994fe2cd53d9\Bosque_Oriental.shp C:\Users\Daniel\Downloads\serie\result.gdb\RUNAP_2000 TEST # #</Process><Process ToolSource="c:\program files (x86)\arcgis\desktop10.7\ArcToolbox\Toolboxes\Data Management Tools.tbx\Append" Date="20200905" Time="134708">Append C:\Users\Daniel\Downloads\serie\2000\2df44fe73accfca79b39e6492cb60d55\runap_id_pnn_04120002.shp C:\Users\Daniel\Downloads\serie\result.gdb\RUNAP_2000 TEST # #</Process><Process ToolSource="c:\program files (x86)\arcgis\desktop10.7\ArcToolbox\Toolboxes\Data Management Tools.tbx\Append" Date="20200905" Time="134708">Append C:\Users\Daniel\Downloads\serie\2000\2f720a047f1ab9813a32ecd03afc6dcc\runap_id_pnn_02060001.shp C:\Users\Daniel\Downloads\serie\result.gdb\RUNAP_2000 TEST # #</Process><Process ToolSource="c:\program files (x86)\arcgis\desktop10.7\ArcToolbox\Toolboxes\Data Management Tools.tbx\Append" Date="20200905" Time="134709">Append C:\Users\Daniel\Downloads\serie\2000\3498991159d699f32ed82702d086b6cb\PNN_farallones_de_cali.shp C:\Users\Daniel\Downloads\serie\result.gdb\RUNAP_2000 TEST # #</Process><Process ToolSource="c:\program files (x86)\arcgis\desktop10.7\ArcToolbox\Toolboxes\Data Management Tools.tbx\Append" Date="20200905" Time="134710">Append C:\Users\Daniel\Downloads\serie\2000\3607b6567fb939bd1e2c56b62454c7a8\PNN_macuira.shp C:\Users\Daniel\Downloads\serie\result.gdb\RUNAP_2000 TEST # #</Process><Process ToolSource="c:\program files (x86)\arcgis\desktop10.7\ArcToolbox\Toolboxes\Data Management Tools.tbx\Append" Date="20200905" Time="134711">Append C:\Users\Daniel\Downloads\serie\2000\36e2e8b9df2bf1736be8aff3e643d4d6\Rios_Blanco_Negro.shp C:\Users\Daniel\Downloads\serie\result.gdb\RUNAP_2000 TEST # #</Process><Process ToolSource="c:\program files (x86)\arcgis\desktop10.7\ArcToolbox\Toolboxes\Data Management Tools.tbx\Append" Date="20200905" Time="134711">Append C:\Users\Daniel\Downloads\serie\2000\379d0940c75f590e6c87324cd7c34e39\Rio_Bobo_Buesaquillo.shp C:\Users\Daniel\Downloads\serie\result.gdb\RUNAP_2000 TEST # #</Process><Process ToolSource="c:\program files (x86)\arcgis\desktop10.7\ArcToolbox\Toolboxes\Data Management Tools.tbx\Append" Date="20200905" Time="134712">Append C:\Users\Daniel\Downloads\serie\2000\37a8bb2729ebd4c19dac19530f4d4b06\PNN_los_katios.shp C:\Users\Daniel\Downloads\serie\result.gdb\RUNAP_2000 TEST # #</Process><Process ToolSource="c:\program files (x86)\arcgis\desktop10.7\ArcToolbox\Toolboxes\Data Management Tools.tbx\Append" Date="20200905" Time="134713">Append C:\Users\Daniel\Downloads\serie\2000\37b3e4cc5dc0981e179ae001f21ee00c\PNN_old_providence.shp C:\Users\Daniel\Downloads\serie\result.gdb\RUNAP_2000 TEST # #</Process><Process ToolSource="c:\program files (x86)\arcgis\desktop10.7\ArcToolbox\Toolboxes\Data Management Tools.tbx\Append" Date="20200905" Time="134713">Append C:\Users\Daniel\Downloads\serie\2000\399bc6560c122c683c5bea18cc625e11\Rio_Las_Ceibas.shp C:\Users\Daniel\Downloads\serie\result.gdb\RUNAP_2000 TEST # #</Process><Process ToolSource="c:\program files (x86)\arcgis\desktop10.7\ArcToolbox\Toolboxes\Data Management Tools.tbx\Append" Date="20200905" Time="134714">Append C:\Users\Daniel\Downloads\serie\2000\3be5e38355c564e0dede9ece7deb6b7f\runap_id_pnn_01010057.shp C:\Users\Daniel\Downloads\serie\result.gdb\RUNAP_2000 TEST # #</Process><Process ToolSource="c:\program files (x86)\arcgis\desktop10.7\ArcToolbox\Toolboxes\Data Management Tools.tbx\Append" Date="20200905" Time="134715">Append C:\Users\Daniel\Downloads\serie\2000\3e166de6df6b74f28af60de292deb5e6\Rio_Tame.shp C:\Users\Daniel\Downloads\serie\result.gdb\RUNAP_2000 TEST # #</Process><Process ToolSource="c:\program files (x86)\arcgis\desktop10.7\ArcToolbox\Toolboxes\Data Management Tools.tbx\Append" Date="20200905" Time="134716">Append C:\Users\Daniel\Downloads\serie\2000\3e93a39bbc48f030989ff16730d53427\La_Planada.shp C:\Users\Daniel\Downloads\serie\result.gdb\RUNAP_2000 TEST # #</Process><Process ToolSource="c:\program files (x86)\arcgis\desktop10.7\ArcToolbox\Toolboxes\Data Management Tools.tbx\Append" Date="20200905" Time="134716">Append C:\Users\Daniel\Downloads\serie\2000\3f4e5e83e15769f42fd9c5d50ad1f961\Quebradas_Penon_San_Juan.shp C:\Users\Daniel\Downloads\serie\result.gdb\RUNAP_2000 TEST # #</Process><Process ToolSource="c:\program files (x86)\arcgis\desktop10.7\ArcToolbox\Toolboxes\Data Management Tools.tbx\Append" Date="20200905" Time="134717">Append C:\Users\Daniel\Downloads\serie\2000\407446944dd7b597a097e7fd2318da5e\runap_id_pnn_30100006.shp C:\Users\Daniel\Downloads\serie\result.gdb\RUNAP_2000 TEST # #</Process><Process ToolSource="c:\program files (x86)\arcgis\desktop10.7\ArcToolbox\Toolboxes\Data Management Tools.tbx\Append" Date="20200905" Time="134718">Append C:\Users\Daniel\Downloads\serie\2000\425367c5f23eedb53bb5c56f22944913\runap_id_pnn_30120009.shp C:\Users\Daniel\Downloads\serie\result.gdb\RUNAP_2000 TEST # #</Process><Process ToolSource="c:\program files (x86)\arcgis\desktop10.7\ArcToolbox\Toolboxes\Data Management Tools.tbx\Append" Date="20200905" Time="134719">Append C:\Users\Daniel\Downloads\serie\2000\46d2240555a2d3fceb1bf1baa9ffcf07\PNN_tayrona.shp C:\Users\Daniel\Downloads\serie\result.gdb\RUNAP_2000 TEST # #</Process><Process ToolSource="c:\program files (x86)\arcgis\desktop10.7\ArcToolbox\Toolboxes\Data Management Tools.tbx\Append" Date="20200905" Time="134719">Append C:\Users\Daniel\Downloads\serie\2000\48044b643d4c27a9293b8f153aa8c701\PNN_paramillo.shp C:\Users\Daniel\Downloads\serie\result.gdb\RUNAP_2000 TEST # #</Process><Process ToolSource="c:\program files (x86)\arcgis\desktop10.7\ArcToolbox\Toolboxes\Data Management Tools.tbx\Append" Date="20200905" Time="134720">Append C:\Users\Daniel\Downloads\serie\2000\4a0b58e6d73313797674ba989bc26eca\Rio_Anchicaya.shp C:\Users\Daniel\Downloads\serie\result.gdb\RUNAP_2000 TEST # #</Process><Process ToolSource="c:\program files (x86)\arcgis\desktop10.7\ArcToolbox\Toolboxes\Data Management Tools.tbx\Append" Date="20200905" Time="134721">Append C:\Users\Daniel\Downloads\serie\2000\4b5c6e7798761bd60e00e5030b98abd2\Reserva_Azufral.shp C:\Users\Daniel\Downloads\serie\result.gdb\RUNAP_2000 TEST # #</Process><Process ToolSource="c:\program files (x86)\arcgis\desktop10.7\ArcToolbox\Toolboxes\Data Management Tools.tbx\Append" Date="20200905" Time="134721">Append C:\Users\Daniel\Downloads\serie\2000\4ee2fd61364b937ecea8c26ded86ca30\SFF_iguaque.shp C:\Users\Daniel\Downloads\serie\result.gdb\RUNAP_2000 TEST # #</Process><Process ToolSource="c:\program files (x86)\arcgis\desktop10.7\ArcToolbox\Toolboxes\Data Management Tools.tbx\Append" Date="20200905" Time="134722">Append C:\Users\Daniel\Downloads\serie\2000\4ff17e085e8668888da45fdd1b5d3046\SFF_galeras.shp C:\Users\Daniel\Downloads\serie\result.gdb\RUNAP_2000 TEST # #</Process><Process ToolSource="c:\program files (x86)\arcgis\desktop10.7\ArcToolbox\Toolboxes\Data Management Tools.tbx\Append" Date="20200905" Time="134723">Append C:\Users\Daniel\Downloads\serie\2000\515003a3901584732d4eaf50a67f5680\runap_id_pnn_17100002.shp C:\Users\Daniel\Downloads\serie\result.gdb\RUNAP_2000 TEST # #</Process><Process ToolSource="c:\program files (x86)\arcgis\desktop10.7\ArcToolbox\Toolboxes\Data Management Tools.tbx\Append" Date="20200905" Time="134724">Append C:\Users\Daniel\Downloads\serie\2000\5554701f9fc8f3fcf85d4640565a8e41\colorados2.shp C:\Users\Daniel\Downloads\serie\result.gdb\RUNAP_2000 TEST # #</Process><Process ToolSource="c:\program files (x86)\arcgis\desktop10.7\ArcToolbox\Toolboxes\Data Management Tools.tbx\Append" Date="20200905" Time="134724">Append C:\Users\Daniel\Downloads\serie\2000\558a66c65b657559ec2d63729456448e\Quebrada_La_Nona.shp C:\Users\Daniel\Downloads\serie\result.gdb\RUNAP_2000 TEST # #</Process><Process ToolSource="c:\program files (x86)\arcgis\desktop10.7\ArcToolbox\Toolboxes\Data Management Tools.tbx\Append" Date="20200905" Time="134725">Append C:\Users\Daniel\Downloads\serie\2000\576f6ca393d02db4ccebaf3f4e5dad15\Cuchilla_Penas_Blancas.shp C:\Users\Daniel\Downloads\serie\result.gdb\RUNAP_2000 TEST # #</Process><Process ToolSource="c:\program files (x86)\arcgis\desktop10.7\ArcToolbox\Toolboxes\Data Management Tools.tbx\Append" Date="20200905" Time="134726">Append C:\Users\Daniel\Downloads\serie\2000\5936912a5b9e0de6ee1be6962b3f6524\SFF_los_flamencos.shp C:\Users\Daniel\Downloads\serie\result.gdb\RUNAP_2000 TEST # #</Process><Process ToolSource="c:\program files (x86)\arcgis\desktop10.7\ArcToolbox\Toolboxes\Data Management Tools.tbx\Append" Date="20200905" Time="134727">Append C:\Users\Daniel\Downloads\serie\2000\59f42e896306034b78099065a23714aa\El_Hortigal.shp C:\Users\Daniel\Downloads\serie\result.gdb\RUNAP_2000 TEST # #</Process><Process ToolSource="c:\program files (x86)\arcgis\desktop10.7\ArcToolbox\Toolboxes\Data Management Tools.tbx\Append" Date="20200905" Time="134727">Append C:\Users\Daniel\Downloads\serie\2000\5ec2fae2422bd024683548148a83e8c6\runap_id_pnn_02020041.shp C:\Users\Daniel\Downloads\serie\result.gdb\RUNAP_2000 TEST # #</Process><Process ToolSource="c:\program files (x86)\arcgis\desktop10.7\ArcToolbox\Toolboxes\Data Management Tools.tbx\Append" Date="20200905" Time="134728">Append C:\Users\Daniel\Downloads\serie\2000\5fc8aadb832a7b50a144c94241fa481c\SFF_guaneta_alto_rio_fonce.shp C:\Users\Daniel\Downloads\serie\result.gdb\RUNAP_2000 TEST # #</Process><Process ToolSource="c:\program files (x86)\arcgis\desktop10.7\ArcToolbox\Toolboxes\Data Management Tools.tbx\Append" Date="20200905" Time="134729">Append C:\Users\Daniel\Downloads\serie\2000\60bf63194492f5e86f099078451f7436\PNN_cueva_de_los_guacharos.shp C:\Users\Daniel\Downloads\serie\result.gdb\RUNAP_2000 TEST # #</Process><Process ToolSource="c:\program files (x86)\arcgis\desktop10.7\ArcToolbox\Toolboxes\Data Management Tools.tbx\Append" Date="20200905" Time="134729">Append C:\Users\Daniel\Downloads\serie\2000\63f614b7554e327f278139062ece02e8\Rio_Mocoa.shp C:\Users\Daniel\Downloads\serie\result.gdb\RUNAP_2000 TEST # #</Process><Process ToolSource="c:\program files (x86)\arcgis\desktop10.7\ArcToolbox\Toolboxes\Data Management Tools.tbx\Append" Date="20200905" Time="134730">Append C:\Users\Daniel\Downloads\serie\2000\6759a3f0d7e9bb48a3015b4473e68948\Paramo_Grande.shp C:\Users\Daniel\Downloads\serie\result.gdb\RUNAP_2000 TEST # #</Process><Process ToolSource="c:\program files (x86)\arcgis\desktop10.7\ArcToolbox\Toolboxes\Data Management Tools.tbx\Append" Date="20200905" Time="134731">Append C:\Users\Daniel\Downloads\serie\2000\6762ebb140acc75cc77ff8279d5fb570\PNN_el_tuparro.shp C:\Users\Daniel\Downloads\serie\result.gdb\RUNAP_2000 TEST # #</Process><Process ToolSource="c:\program files (x86)\arcgis\desktop10.7\ArcToolbox\Toolboxes\Data Management Tools.tbx\Append" Date="20200905" Time="134732">Append C:\Users\Daniel\Downloads\serie\2000\69d92fd979122270572f8abae41938ae\Laguna_Cocha__Patascoy.shp C:\Users\Daniel\Downloads\serie\result.gdb\RUNAP_2000 TEST # #</Process><Process ToolSource="c:\program files (x86)\arcgis\desktop10.7\ArcToolbox\Toolboxes\Data Management Tools.tbx\Append" Date="20200905" Time="134732">Append C:\Users\Daniel\Downloads\serie\2000\6a6fb277d8628bdf7f21b3746b6c9fb5\Paramo_El_Atravesado.shp C:\Users\Daniel\Downloads\serie\result.gdb\RUNAP_2000 TEST # #</Process><Process ToolSource="c:\program files (x86)\arcgis\desktop10.7\ArcToolbox\Toolboxes\Data Management Tools.tbx\Append" Date="20200905" Time="134733">Append C:\Users\Daniel\Downloads\serie\2000\6aa99eec6f6fb09a804d1c062065ab5d\PNN_nevado_del_huila.shp C:\Users\Daniel\Downloads\serie\result.gdb\RUNAP_2000 TEST # #</Process><Process ToolSource="c:\program files (x86)\arcgis\desktop10.7\ArcToolbox\Toolboxes\Data Management Tools.tbx\Append" Date="20200905" Time="134734">Append C:\Users\Daniel\Downloads\serie\2000\6b07136927d87fb4c50a1195dee6df55\Serrania_Coraza_Montes.shp C:\Users\Daniel\Downloads\serie\result.gdb\RUNAP_2000 TEST # #</Process><Process ToolSource="c:\program files (x86)\arcgis\desktop10.7\ArcToolbox\Toolboxes\Data Management Tools.tbx\Append" Date="20200905" Time="134735">Append C:\Users\Daniel\Downloads\serie\2000\6bec1ebcf09687784f6f93ffbd0f7a0d\Cano_Vanguardia.shp C:\Users\Daniel\Downloads\serie\result.gdb\RUNAP_2000 TEST # #</Process><Process ToolSource="c:\program files (x86)\arcgis\desktop10.7\ArcToolbox\Toolboxes\Data Management Tools.tbx\Append" Date="20200905" Time="134735">Append C:\Users\Daniel\Downloads\serie\2000\6fc7c5d3d1d0985adf45ad368b487d06\runap_id_pnn_01010053.shp C:\Users\Daniel\Downloads\serie\result.gdb\RUNAP_2000 TEST # #</Process><Process ToolSource="c:\program files (x86)\arcgis\desktop10.7\ArcToolbox\Toolboxes\Data Management Tools.tbx\Append" Date="20200905" Time="134736">Append C:\Users\Daniel\Downloads\serie\2000\74b93610c515859c459bf9fcce7985a3\PNN_Sierra_Macarena2.shp C:\Users\Daniel\Downloads\serie\result.gdb\RUNAP_2000 TEST # #</Process><Process ToolSource="c:\program files (x86)\arcgis\desktop10.7\ArcToolbox\Toolboxes\Data Management Tools.tbx\Append" Date="20200905" Time="134737">Append C:\Users\Daniel\Downloads\serie\2000\765124397fbb66bef97788148f82a860\Parque_El_Higueron.shp C:\Users\Daniel\Downloads\serie\result.gdb\RUNAP_2000 TEST # #</Process><Process ToolSource="c:\program files (x86)\arcgis\desktop10.7\ArcToolbox\Toolboxes\Data Management Tools.tbx\Append" Date="20200905" Time="134737">Append C:\Users\Daniel\Downloads\serie\2000\770a97267c0518e65ebfba9dd8081e92\Rio_Cravo_Sur.shp C:\Users\Daniel\Downloads\serie\result.gdb\RUNAP_2000 TEST # #</Process><Process ToolSource="c:\program files (x86)\arcgis\desktop10.7\ArcToolbox\Toolboxes\Data Management Tools.tbx\Append" Date="20200905" Time="134738">Append C:\Users\Daniel\Downloads\serie\2000\77c6c4a055ba6955b5616e956da8100f\runap_id_pnn_02040001.shp C:\Users\Daniel\Downloads\serie\result.gdb\RUNAP_2000 TEST # #</Process><Process ToolSource="c:\program files (x86)\arcgis\desktop10.7\ArcToolbox\Toolboxes\Data Management Tools.tbx\Append" Date="20200905" Time="134739">Append C:\Users\Daniel\Downloads\serie\2000\78cdde00b2b7f4996b957f73a5c5fb4f\Rio_Blanco_y_Qda_Olivar.shp C:\Users\Daniel\Downloads\serie\result.gdb\RUNAP_2000 TEST # #</Process><Process ToolSource="c:\program files (x86)\arcgis\desktop10.7\ArcToolbox\Toolboxes\Data Management Tools.tbx\Append" Date="20200905" Time="134740">Append C:\Users\Daniel\Downloads\serie\2000\79166756af994dca756139159a0f5594\PNN_cordillera_de_los_picachos.shp C:\Users\Daniel\Downloads\serie\result.gdb\RUNAP_2000 TEST # #</Process><Process ToolSource="c:\program files (x86)\arcgis\desktop10.7\ArcToolbox\Toolboxes\Data Management Tools.tbx\Append" Date="20200905" Time="134740">Append C:\Users\Daniel\Downloads\serie\2000\796cc507cb833268ac60fcdd5e0b2894\PNN_pisba.shp C:\Users\Daniel\Downloads\serie\result.gdb\RUNAP_2000 TEST # #</Process><Process ToolSource="c:\program files (x86)\arcgis\desktop10.7\ArcToolbox\Toolboxes\Data Management Tools.tbx\Append" Date="20200905" Time="134741">Append C:\Users\Daniel\Downloads\serie\2000\79c80969856630348b99bb486c357f3e\Rio_San_Francisco.shp C:\Users\Daniel\Downloads\serie\result.gdb\RUNAP_2000 TEST # #</Process><Process ToolSource="c:\program files (x86)\arcgis\desktop10.7\ArcToolbox\Toolboxes\Data Management Tools.tbx\Append" Date="20200905" Time="134742">Append C:\Users\Daniel\Downloads\serie\2000\7fe30641a7d99501716a7264d3bec726\Rio_Algodonal.shp C:\Users\Daniel\Downloads\serie\result.gdb\RUNAP_2000 TEST # #</Process><Process ToolSource="c:\program files (x86)\arcgis\desktop10.7\ArcToolbox\Toolboxes\Data Management Tools.tbx\Append" Date="20200905" Time="134743">Append C:\Users\Daniel\Downloads\serie\2000\843fe646124bc6c2bc0b2b3953de6a3b\Rio_Chorreras_Concepcion.shp C:\Users\Daniel\Downloads\serie\result.gdb\RUNAP_2000 TEST # #</Process><Process ToolSource="c:\program files (x86)\arcgis\desktop10.7\ArcToolbox\Toolboxes\Data Management Tools.tbx\Append" Date="20200905" Time="134743">Append C:\Users\Daniel\Downloads\serie\2000\851ec5bbc138252e25115ef841f1d9ef\Yotoco.shp C:\Users\Daniel\Downloads\serie\result.gdb\RUNAP_2000 TEST # #</Process><Process ToolSource="c:\program files (x86)\arcgis\desktop10.7\ArcToolbox\Toolboxes\Data Management Tools.tbx\Append" Date="20200905" Time="134744">Append C:\Users\Daniel\Downloads\serie\2000\8554fae430bad174a91fd6a3d223cd60\Quebrada_La_Tablona.shp C:\Users\Daniel\Downloads\serie\result.gdb\RUNAP_2000 TEST # #</Process><Process ToolSource="c:\program files (x86)\arcgis\desktop10.7\ArcToolbox\Toolboxes\Data Management Tools.tbx\Append" Date="20200905" Time="134745">Append C:\Users\Daniel\Downloads\serie\2000\8946218871a0047dc363e9ad646a2787\runap_id_pnn_30100010.shp C:\Users\Daniel\Downloads\serie\result.gdb\RUNAP_2000 TEST # #</Process><Process ToolSource="c:\program files (x86)\arcgis\desktop10.7\ArcToolbox\Toolboxes\Data Management Tools.tbx\Append" Date="20200905" Time="134745">Append C:\Users\Daniel\Downloads\serie\2000\89e56a6c0b95a7e044af4052ab9738d7\runap_id_pnn_02020007.shp C:\Users\Daniel\Downloads\serie\result.gdb\RUNAP_2000 TEST # #</Process><Process ToolSource="c:\program files (x86)\arcgis\desktop10.7\ArcToolbox\Toolboxes\Data Management Tools.tbx\Append" Date="20200905" Time="134746">Append C:\Users\Daniel\Downloads\serie\2000\8c00a4c92c431175935a9f9b7ec177bc\Rio_Melendez.shp C:\Users\Daniel\Downloads\serie\result.gdb\RUNAP_2000 TEST # #</Process><Process ToolSource="c:\program files (x86)\arcgis\desktop10.7\ArcToolbox\Toolboxes\Data Management Tools.tbx\Append" Date="20200905" Time="134747">Append C:\Users\Daniel\Downloads\serie\2000\8e0d67ea096becf4b1d9898fe76ee8ae\Cuenca_Alta_Rio_Cali.shp C:\Users\Daniel\Downloads\serie\result.gdb\RUNAP_2000 TEST # #</Process><Process ToolSource="c:\program files (x86)\arcgis\desktop10.7\ArcToolbox\Toolboxes\Data Management Tools.tbx\Append" Date="20200905" Time="134748">Append C:\Users\Daniel\Downloads\serie\2000\917f74be557f21debac8fbc8a226753c\Sumapaz1.shp C:\Users\Daniel\Downloads\serie\result.gdb\RUNAP_2000 TEST # #</Process><Process ToolSource="c:\program files (x86)\arcgis\desktop10.7\ArcToolbox\Toolboxes\Data Management Tools.tbx\Append" Date="20200905" Time="134748">Append C:\Users\Daniel\Downloads\serie\2000\9318855ca5ef4a97319a0e9cfe527a73\runap_id_pnn_02020034.shp C:\Users\Daniel\Downloads\serie\result.gdb\RUNAP_2000 TEST # #</Process><Process ToolSource="c:\program files (x86)\arcgis\desktop10.7\ArcToolbox\Toolboxes\Data Management Tools.tbx\Append" Date="20200905" Time="134749">Append C:\Users\Daniel\Downloads\serie\2000\947132ab88d2908ac98e86afa70092e8\runap_id_pnn_02030006.shp C:\Users\Daniel\Downloads\serie\result.gdb\RUNAP_2000 TEST # #</Process><Process ToolSource="c:\program files (x86)\arcgis\desktop10.7\ArcToolbox\Toolboxes\Data Management Tools.tbx\Append" Date="20200905" Time="134750">Append C:\Users\Daniel\Downloads\serie\2000\973e7c66bbcd3c123147d9081b7982da\runap_id_pnn_04120003.shp C:\Users\Daniel\Downloads\serie\result.gdb\RUNAP_2000 TEST # #</Process><Process ToolSource="c:\program files (x86)\arcgis\desktop10.7\ArcToolbox\Toolboxes\Data Management Tools.tbx\Append" Date="20200905" Time="134750">Append C:\Users\Daniel\Downloads\serie\2000\97e6549f8adb7d5bd8ed2169ab31112c\Cuchilla_El_Minero.shp C:\Users\Daniel\Downloads\serie\result.gdb\RUNAP_2000 TEST # #</Process><Process ToolSource="c:\program files (x86)\arcgis\desktop10.7\ArcToolbox\Toolboxes\Data Management Tools.tbx\Append" Date="20200905" Time="134751">Append C:\Users\Daniel\Downloads\serie\2000\997be1f82042d7ce2aab5c5a85675e80\Chingaza3.shp C:\Users\Daniel\Downloads\serie\result.gdb\RUNAP_2000 TEST # #</Process><Process ToolSource="c:\program files (x86)\arcgis\desktop10.7\ArcToolbox\Toolboxes\Data Management Tools.tbx\Append" Date="20200905" Time="134752">Append C:\Users\Daniel\Downloads\serie\2000\99ddbd49f01efae6bc5cb225cc03048e\PNN_las_hermosas.shp C:\Users\Daniel\Downloads\serie\result.gdb\RUNAP_2000 TEST # #</Process><Process ToolSource="c:\program files (x86)\arcgis\desktop10.7\ArcToolbox\Toolboxes\Data Management Tools.tbx\Append" Date="20200905" Time="134753">Append C:\Users\Daniel\Downloads\serie\2000\9a0567769af69a484f17ba39529ba102\runap_id_pnn_30120008.shp C:\Users\Daniel\Downloads\serie\result.gdb\RUNAP_2000 TEST # #</Process><Process ToolSource="c:\program files (x86)\arcgis\desktop10.7\ArcToolbox\Toolboxes\Data Management Tools.tbx\Append" Date="20200905" Time="134753">Append C:\Users\Daniel\Downloads\serie\2000\9b384cf2c45d439db062a4778f0922d1\RFP_PIONONO.shp C:\Users\Daniel\Downloads\serie\result.gdb\RUNAP_2000 TEST # #</Process><Process ToolSource="c:\program files (x86)\arcgis\desktop10.7\ArcToolbox\Toolboxes\Data Management Tools.tbx\Append" Date="20200905" Time="134754">Append C:\Users\Daniel\Downloads\serie\2000\a547f3fe10bb75b167f829a9659155c4\PNN_el_cocuy.shp C:\Users\Daniel\Downloads\serie\result.gdb\RUNAP_2000 TEST # #</Process><Process ToolSource="c:\program files (x86)\arcgis\desktop10.7\ArcToolbox\Toolboxes\Data Management Tools.tbx\Append" Date="20200905" Time="134755">Append C:\Users\Daniel\Downloads\serie\2000\a7afdb306097fb74723dc52a8ee9edbc\sff_malpelo.shp C:\Users\Daniel\Downloads\serie\result.gdb\RUNAP_2000 TEST # #</Process><Process ToolSource="c:\program files (x86)\arcgis\desktop10.7\ArcToolbox\Toolboxes\Data Management Tools.tbx\Append" Date="20200905" Time="134756">Append C:\Users\Daniel\Downloads\serie\2000\aaaa97104256bf4b6a2705b321366df3\Rio_Tejo.shp C:\Users\Daniel\Downloads\serie\result.gdb\RUNAP_2000 TEST # #</Process><Process ToolSource="c:\program files (x86)\arcgis\desktop10.7\ArcToolbox\Toolboxes\Data Management Tools.tbx\Append" Date="20200905" Time="134756">Append C:\Users\Daniel\Downloads\serie\2000\aacd42384793d35d012ab7a2bace00fe\runap_id_pnn_30120007.shp C:\Users\Daniel\Downloads\serie\result.gdb\RUNAP_2000 TEST # #</Process><Process ToolSource="c:\program files (x86)\arcgis\desktop10.7\ArcToolbox\Toolboxes\Data Management Tools.tbx\Append" Date="20200905" Time="134757">Append C:\Users\Daniel\Downloads\serie\2000\aca8503f2336c9d2438d71d7dc90e9dd\Rio_Leon.shp C:\Users\Daniel\Downloads\serie\result.gdb\RUNAP_2000 TEST # #</Process><Process ToolSource="c:\program files (x86)\arcgis\desktop10.7\ArcToolbox\Toolboxes\Data Management Tools.tbx\Append" Date="20200905" Time="134758">Append C:\Users\Daniel\Downloads\serie\2000\b3d6766c15f35a2653af76f7ccfe7e7c\PNN_munchique.shp C:\Users\Daniel\Downloads\serie\result.gdb\RUNAP_2000 TEST # #</Process><Process ToolSource="c:\program files (x86)\arcgis\desktop10.7\ArcToolbox\Toolboxes\Data Management Tools.tbx\Append" Date="20200905" Time="134758">Append C:\Users\Daniel\Downloads\serie\2000\b544d6ac66afcf528e9bc6dc6da25686\Rio_Rucio.shp C:\Users\Daniel\Downloads\serie\result.gdb\RUNAP_2000 TEST # #</Process><Process ToolSource="c:\program files (x86)\arcgis\desktop10.7\ArcToolbox\Toolboxes\Data Management Tools.tbx\Append" Date="20200905" Time="134759">Append C:\Users\Daniel\Downloads\serie\2000\b682bd792892d82b9518caf69fd218ef\runap_id_pnn_30100004.shp C:\Users\Daniel\Downloads\serie\result.gdb\RUNAP_2000 TEST # #</Process><Process ToolSource="c:\program files (x86)\arcgis\desktop10.7\ArcToolbox\Toolboxes\Data Management Tools.tbx\Append" Date="20200905" Time="134800">Append C:\Users\Daniel\Downloads\serie\2000\b695d7cbbc566ba5bc8e711153e64dab\RIO_SATOCA.shp C:\Users\Daniel\Downloads\serie\result.gdb\RUNAP_2000 TEST # #</Process><Process ToolSource="c:\program files (x86)\arcgis\desktop10.7\ArcToolbox\Toolboxes\Data Management Tools.tbx\Append" Date="20200905" Time="134801">Append C:\Users\Daniel\Downloads\serie\2000\b71e9d177d25301178dee7367246a983\runap_id_pnn_30120003.shp C:\Users\Daniel\Downloads\serie\result.gdb\RUNAP_2000 TEST # #</Process><Process ToolSource="c:\program files (x86)\arcgis\desktop10.7\ArcToolbox\Toolboxes\Data Management Tools.tbx\Append" Date="20200905" Time="134801">Append C:\Users\Daniel\Downloads\serie\2000\b97bb3e6222bb8198b37e832c4210eeb\Paramo_de_Urrao.shp C:\Users\Daniel\Downloads\serie\result.gdb\RUNAP_2000 TEST # #</Process><Process ToolSource="c:\program files (x86)\arcgis\desktop10.7\ArcToolbox\Toolboxes\Data Management Tools.tbx\Append" Date="20200905" Time="134802">Append C:\Users\Daniel\Downloads\serie\2000\bbb7ccf61b9cc92390a975dc334e43af\SFF_cienaga_grande_santa_marta.shp C:\Users\Daniel\Downloads\serie\result.gdb\RUNAP_2000 TEST # #</Process><Process ToolSource="c:\program files (x86)\arcgis\desktop10.7\ArcToolbox\Toolboxes\Data Management Tools.tbx\Append" Date="20200905" Time="134803">Append C:\Users\Daniel\Downloads\serie\2000\be211a5996f46be8d651e317757a1806\runap_id_pnn_02020005.shp C:\Users\Daniel\Downloads\serie\result.gdb\RUNAP_2000 TEST # #</Process><Process ToolSource="c:\program files (x86)\arcgis\desktop10.7\ArcToolbox\Toolboxes\Data Management Tools.tbx\Append" Date="20200905" Time="134803">Append C:\Users\Daniel\Downloads\serie\2000\bea65783683582a853ad20aadca6ee32\Cuenca_Alta_Rio_Jirocasaca.shp C:\Users\Daniel\Downloads\serie\result.gdb\RUNAP_2000 TEST # #</Process><Process ToolSource="c:\program files (x86)\arcgis\desktop10.7\ArcToolbox\Toolboxes\Data Management Tools.tbx\Append" Date="20200905" Time="134804">Append C:\Users\Daniel\Downloads\serie\2000\bfb83e6606d69149cec8d3ddb1ad5f76\Rio_Guabas.shp C:\Users\Daniel\Downloads\serie\result.gdb\RUNAP_2000 TEST # #</Process><Process ToolSource="c:\program files (x86)\arcgis\desktop10.7\ArcToolbox\Toolboxes\Data Management Tools.tbx\Append" Date="20200905" Time="134805">Append C:\Users\Daniel\Downloads\serie\2000\c33643515db229bbc88d0bfabc2b0815\VP_isla_salamanca.shp C:\Users\Daniel\Downloads\serie\result.gdb\RUNAP_2000 TEST # #</Process><Process ToolSource="c:\program files (x86)\arcgis\desktop10.7\ArcToolbox\Toolboxes\Data Management Tools.tbx\Append" Date="20200905" Time="134806">Append C:\Users\Daniel\Downloads\serie\2000\c344f1c613e77906cdcd06cd0a4a115d\runap_id_pnn_02020040.shp C:\Users\Daniel\Downloads\serie\result.gdb\RUNAP_2000 TEST # #</Process><Process ToolSource="c:\program files (x86)\arcgis\desktop10.7\ArcToolbox\Toolboxes\Data Management Tools.tbx\Append" Date="20200905" Time="134806">Append C:\Users\Daniel\Downloads\serie\2000\c703388e3fe076837fbb075c4954d120\Rio_Escalarete_y_San_Cipriano.shp C:\Users\Daniel\Downloads\serie\result.gdb\RUNAP_2000 TEST # #</Process><Process ToolSource="c:\program files (x86)\arcgis\desktop10.7\ArcToolbox\Toolboxes\Data Management Tools.tbx\Append" Date="20200905" Time="134807">Append C:\Users\Daniel\Downloads\serie\2000\c9fa32944da4a1cc48d139f5cb05560c\runap_id_pnn_18100001.shp C:\Users\Daniel\Downloads\serie\result.gdb\RUNAP_2000 TEST # #</Process><Process ToolSource="c:\program files (x86)\arcgis\desktop10.7\ArcToolbox\Toolboxes\Data Management Tools.tbx\Append" Date="20200905" Time="134808">Append C:\Users\Daniel\Downloads\serie\2000\ca308703af473e382c2fc086c3cc7b32\runap_id_pnn_01010054.shp C:\Users\Daniel\Downloads\serie\result.gdb\RUNAP_2000 TEST # #</Process><Process ToolSource="c:\program files (x86)\arcgis\desktop10.7\ArcToolbox\Toolboxes\Data Management Tools.tbx\Append" Date="20200905" Time="134809">Append C:\Users\Daniel\Downloads\serie\2000\caf8920992297a3d348bfe7478ef7c52\runap_id_pnn_30100001.shp C:\Users\Daniel\Downloads\serie\result.gdb\RUNAP_2000 TEST # #</Process><Process ToolSource="c:\program files (x86)\arcgis\desktop10.7\ArcToolbox\Toolboxes\Data Management Tools.tbx\Append" Date="20200905" Time="134809">Append C:\Users\Daniel\Downloads\serie\2000\cb05c2be640b33bf4251677f260a81ab\Rio_Guadalajara.shp C:\Users\Daniel\Downloads\serie\result.gdb\RUNAP_2000 TEST # #</Process><Process ToolSource="c:\program files (x86)\arcgis\desktop10.7\ArcToolbox\Toolboxes\Data Management Tools.tbx\Append" Date="20200905" Time="134810">Append C:\Users\Daniel\Downloads\serie\2000\cd25c558ac939245cb4a8d04c728147b\runap_id_pnn_30120006.shp C:\Users\Daniel\Downloads\serie\result.gdb\RUNAP_2000 TEST # #</Process><Process ToolSource="c:\program files (x86)\arcgis\desktop10.7\ArcToolbox\Toolboxes\Data Management Tools.tbx\Append" Date="20200905" Time="134811">Append C:\Users\Daniel\Downloads\serie\2000\ce459401073d2cdba22e3240020f85c8\Frontino.shp C:\Users\Daniel\Downloads\serie\result.gdb\RUNAP_2000 TEST # #</Process><Process ToolSource="c:\program files (x86)\arcgis\desktop10.7\ArcToolbox\Toolboxes\Data Management Tools.tbx\Append" Date="20200905" Time="134811">Append C:\Users\Daniel\Downloads\serie\2000\d0af9037364159085f89fbc3f6c2db6d\El_Malmo.shp C:\Users\Daniel\Downloads\serie\result.gdb\RUNAP_2000 TEST # #</Process><Process ToolSource="c:\program files (x86)\arcgis\desktop10.7\ArcToolbox\Toolboxes\Data Management Tools.tbx\Append" Date="20200905" Time="134812">Append C:\Users\Daniel\Downloads\serie\2000\d444359d50693219fce3572c656b4c85\Cerro_Quinini.shp C:\Users\Daniel\Downloads\serie\result.gdb\RUNAP_2000 TEST # #</Process><Process ToolSource="c:\program files (x86)\arcgis\desktop10.7\ArcToolbox\Toolboxes\Data Management Tools.tbx\Append" Date="20200905" Time="134813">Append C:\Users\Daniel\Downloads\serie\2000\d7a719cd22383c4f96ff4acbceaf3f5b\runap_id_pnn_01010055.shp C:\Users\Daniel\Downloads\serie\result.gdb\RUNAP_2000 TEST # #</Process><Process ToolSource="c:\program files (x86)\arcgis\desktop10.7\ArcToolbox\Toolboxes\Data Management Tools.tbx\Append" Date="20200905" Time="134814">Append C:\Users\Daniel\Downloads\serie\2000\d86016a76138979f92f6874b6d79a11e\PNN_chiribiquete.shp C:\Users\Daniel\Downloads\serie\result.gdb\RUNAP_2000 TEST # #</Process><Process ToolSource="c:\program files (x86)\arcgis\desktop10.7\ArcToolbox\Toolboxes\Data Management Tools.tbx\Append" Date="20200905" Time="134815">Append C:\Users\Daniel\Downloads\serie\2000\d87288bde484bf92ee6da46f46f44322\runap_id_pnn_01010056.shp C:\Users\Daniel\Downloads\serie\result.gdb\RUNAP_2000 TEST # #</Process><Process ToolSource="c:\program files (x86)\arcgis\desktop10.7\ArcToolbox\Toolboxes\Data Management Tools.tbx\Append" Date="20200905" Time="134815">Append C:\Users\Daniel\Downloads\serie\2000\da775a3b743aeea807784ad4bb1ab4f3\PNN_los_nevados.shp C:\Users\Daniel\Downloads\serie\result.gdb\RUNAP_2000 TEST # #</Process><Process ToolSource="c:\program files (x86)\arcgis\desktop10.7\ArcToolbox\Toolboxes\Data Management Tools.tbx\Append" Date="20200905" Time="134816">Append C:\Users\Daniel\Downloads\serie\2000\deb3c06e4b49822b9a0653978bd5663a\PNN_sierra_nevada_santa_marta.shp C:\Users\Daniel\Downloads\serie\result.gdb\RUNAP_2000 TEST # #</Process><Process ToolSource="c:\program files (x86)\arcgis\desktop10.7\ArcToolbox\Toolboxes\Data Management Tools.tbx\Append" Date="20200905" Time="134817">Append C:\Users\Daniel\Downloads\serie\2000\df330104a1bf86393fa25a849b11877e\PNN_catatumbo_bari.shp C:\Users\Daniel\Downloads\serie\result.gdb\RUNAP_2000 TEST # #</Process><Process ToolSource="c:\program files (x86)\arcgis\desktop10.7\ArcToolbox\Toolboxes\Data Management Tools.tbx\Append" Date="20200905" Time="134818">Append C:\Users\Daniel\Downloads\serie\2000\e32e6d251bbdb95fa4f131be8208ecc7\Sierra_El_Peligro.shp C:\Users\Daniel\Downloads\serie\result.gdb\RUNAP_2000 TEST # #</Process><Process ToolSource="c:\program files (x86)\arcgis\desktop10.7\ArcToolbox\Toolboxes\Data Management Tools.tbx\Append" Date="20200905" Time="134818">Append C:\Users\Daniel\Downloads\serie\2000\e656905283d778455ffbb93a62fbea3b\Cerro_Vanguardia.shp C:\Users\Daniel\Downloads\serie\result.gdb\RUNAP_2000 TEST # #</Process><Process ToolSource="c:\program files (x86)\arcgis\desktop10.7\ArcToolbox\Toolboxes\Data Management Tools.tbx\Append" Date="20200905" Time="134819">Append C:\Users\Daniel\Downloads\serie\2000\e7ad175772664a17d467d8eb34ce0951\La_Bolsa.shp C:\Users\Daniel\Downloads\serie\result.gdb\RUNAP_2000 TEST # #</Process><Process ToolSource="c:\program files (x86)\arcgis\desktop10.7\ArcToolbox\Toolboxes\Data Management Tools.tbx\Append" Date="20200905" Time="134820">Append C:\Users\Daniel\Downloads\serie\2000\e9e34643df753f9bbb2656dba1ef1fe4\runap_id_pnn_30120002.shp C:\Users\Daniel\Downloads\serie\result.gdb\RUNAP_2000 TEST # #</Process><Process ToolSource="c:\program files (x86)\arcgis\desktop10.7\ArcToolbox\Toolboxes\Data Management Tools.tbx\Append" Date="20200905" Time="134820">Append C:\Users\Daniel\Downloads\serie\2000\eeb3ba61a95eeeb34ff8c6e601376a1d\runap_id_pnn_02020019.shp C:\Users\Daniel\Downloads\serie\result.gdb\RUNAP_2000 TEST # #</Process><Process ToolSource="c:\program files (x86)\arcgis\desktop10.7\ArcToolbox\Toolboxes\Data Management Tools.tbx\Append" Date="20200905" Time="134821">Append C:\Users\Daniel\Downloads\serie\2000\efad951a3ec347de87c06f10b60cde9a\Cerro_Dapa_Carisucio.shp C:\Users\Daniel\Downloads\serie\result.gdb\RUNAP_2000 TEST # #</Process><Process ToolSource="c:\program files (x86)\arcgis\desktop10.7\ArcToolbox\Toolboxes\Data Management Tools.tbx\Append" Date="20200905" Time="134822">Append C:\Users\Daniel\Downloads\serie\2000\f653c60bbcf177f7d727f8e8eaa14c42\Cuchilla_de_Sucuncuca.shp C:\Users\Daniel\Downloads\serie\result.gdb\RUNAP_2000 TEST # #</Process><Process ToolSource="c:\program files (x86)\arcgis\desktop10.7\ArcToolbox\Toolboxes\Data Management Tools.tbx\Append" Date="20200905" Time="134823">Append C:\Users\Daniel\Downloads\serie\2000\fb496ab3347dad84c3d469989cae30d5\Rio_Nare.shp C:\Users\Daniel\Downloads\serie\result.gdb\RUNAP_2000 TEST # #</Process><Process ToolSource="c:\program files (x86)\arcgis\desktop10.7\ArcToolbox\Toolboxes\Data Management Tools.tbx\Append" Date="20200905" Time="134823">Append C:\Users\Daniel\Downloads\serie\2000\fd223cfbaecd6b86796c895a6fe22b75\runap_id_pnn_30120011.shp C:\Users\Daniel\Downloads\serie\result.gdb\RUNAP_2000 TEST # #</Process><Process ToolSource="c:\program files (x86)\arcgis\desktop10.7\ArcToolbox\Toolboxes\Data Management Tools.tbx\Append" Date="20200905" Time="134824">Append C:\Users\Daniel\Downloads\serie\2000\fe002f54feea833922538bb1d5008f55\runap_id_pnn_30100002.shp C:\Users\Daniel\Downloads\serie\result.gdb\RUNAP_2000 TEST # #</Process><Process ToolSource="c:\program files\arcgis\pro\Resources\ArcToolbox\toolboxes\Conversion Tools.tbx\FeatureClassToFeatureClass" Date="20210106" Time="092117">FeatureClassToFeatureClass RUNAP_2000 E:\Dropbox\gis\wwf\Cartografia_base\RUNAP_historico RUNAP_2000.shp # "IDPNN "IDPNN" true true false 8 Text 0 0,First,#,RUNAP_2000,IDPNN,0,8;NOMBRE "NOMBRE" true true false 100 Text 0 0,First,#,RUNAP_2000,NOMBRE,0,100;ESCALA "ESCALA" true true false 100 Text 0 0,First,#,RUNAP_2000,ESCALA,0,100;CATEGORIA "CATEGORIA" true true false 100 Text 0 0,First,#,RUNAP_2000,CATEGORIA,0,100;URL "URL" true true false 100 Text 0 0,First,#,RUNAP_2000,URL,0,100;ORG "ORG" true true false 100 Text 0 0,First,#,RUNAP_2000,ORG,0,100;FECHAACT "FECHAACT" true true false 16 Text 0 0,First,#,RUNAP_2000,FECHAACT,0,16;RESOLUCION "RESOLUCION" true true false 100 Text 0 0,First,#,RUNAP_2000,RESOLUCION,0,100;HARES "HARES" true true false 4 Float 0 0,First,#,RUNAP_2000,HARES,-1,-1;FECHACAP "FECHACAP" true true false 16 Text 0 0,First,#,RUNAP_2000,FECHACAP,0,16;Shape_Length "Shape_Length" false true true 8 Double 0 0,First,#,RUNAP_2000,Shape_Length,-1,-1;Shape_Area "Shape_Area" false true true 8 Double 0 0,First,#,RUNAP_2000,Shape_Area,-1,-1" #</Process><Process ToolSource="c:\program files (x86)\arcgis\desktop10.7\ArcToolbox\Toolboxes\Analysis Tools.tbx\Clip" Date="20210309" Time="112042">Clip RUNAP_2000 Colombia_FINAL D:\IAVH\2021\GEF_SINAP\temps\RUNAP_2000_Clip.shp #</Process><Process ToolSource="c:\program files (x86)\arcgis\desktop10.7\ArcToolbox\Toolboxes\Analysis Tools.tbx\Union" Date="20210309" Time="112343">Union "RUNAP_2000_Clip #;ERASE2000 #" D:\IAVH\2021\GEF_SINAP\temps\RUNAP_2000_Clip_Union.shp ALL # GAPS</Process><Process ToolSource="c:\program files (x86)\arcgis\desktop10.7\ArcToolbox\Toolboxes\Data Management Tools.tbx\Dissolve" Date="20210309" Time="112528">Dissolve RUNAP_2000_Clip_Union D:\IAVH\2021\GEF_SINAP\temps\RUNAP_2000_Clip_Union_Dissol.shp DISS # SINGLE_PART DISSOLVE_LINES</Process></lineage><LayerFile>{"type":"CIMLayerDocument","version":"2.7.0","build":26828,"layers":["CIMPATH=map/runap_2000.xml"],"layerDefinitions":[{"type":"CIMFeatureLayer","name":"RUNAP_2000","uRI":"CIMPATH=map/runap_2000.xml","sourceModifiedTime":{"type":"TimeInstant"},"useSourceMetadata":true,"description":"RUNAP_2000","layerElevation":{"type":"CIMLayerElevationSurface","mapElevationID":"{20DA1220-F323-4257-85D0-6FE87E856242}"},"expanded":true,"layerType":"Operational","showLegends":true,"visibility":true,"displayCacheType":"Permanent","maxDisplayCacheAge":5,"showPopups":true,"serviceLayerID":-1,"refreshRate":-1,"refreshRateUnit":"esriTimeUnitsSeconds","blendingMode":"Alpha","autoGenerateFeatureTemplates":true,"featureElevationExpression":"0","featureTable":{"type":"CIMFeatureTable","displayField":"IDPNN","editable":true,"dataConnection":{"type":"CIMStandardDataConnection","workspaceConnectionString":"DATABASE=E:\\Dropbox\\gis\\wwf\\Cartografia_base\\RUNAP_historico","workspaceFactory":"Shapefile","dataset":"RUNAP_2000","datasetType":"esriDTFeatureClass"},"studyAreaSpatialRel":"esriSpatialRelUndefined","searchOrder":"esriSearchOrderSpatial"},"htmlPopupEnabled":true,"selectable":true,"featureCacheType":"Session","displayFiltersType":"ByScale","featureBlendingMode":"Alpha","labelClasses":[{"type":"CIMLabelClass","expressionTitle":"Custom","expression":"$feature.IDPNN","expressionEngine":"Arcade","featuresToLabel":"AllVisibleFeatures","maplexLabelPlacementProperties":{"type":"CIMMaplexLabelPlacementProperties","featureType":"Polygon","avoidPolygonHoles":true,"canOverrunFeature":true,"canPlaceLabelOutsidePolygon":true,"canRemoveOverlappingLabel":true,"canStackLabel":true,"connectionType":"Unambiguous","constrainOffset":"NoConstraint","contourAlignmentType":"Page","contourLadderType":"Straight","contourMaximumAngle":90,"enableConnection":true,"featureWeight":0,"fontHeightReductionLimit":4,"fontHeightReductionStep":0.5,"fontWidthReductionLimit":90,"fontWidthReductionStep":5,"graticuleAlignmentType":"Straight","keyNumberGroupName":"Default","labelBuffer":15,"labelLargestPolygon":true,"labelPriority":-1,"labelStackingProperties":{"type":"CIMMaplexLabelStackingProperties","stackAlignment":"ChooseBest","maximumNumberOfLines":3,"minimumNumberOfCharsPerLine":3,"maximumNumberOfCharsPerLine":24,"separators":[{"type":"CIMMaplexStackingSeparator","separator":" ","splitAfter":true},{"type":"CIMMaplexStackingSeparator","separator":",","visible":true,"splitAfter":true}]},"lineFeatureType":"General","linePlacementMethod":"OffsetCurvedFromLine","maximumLabelOverrun":80,"maximumLabelOverrunUnit":"Point","minimumFeatureSizeUnit":"Map","multiPartOption":"OneLabelPerPart","offsetAlongLineProperties":{"type":"CIMMaplexOffsetAlongLineProperties","placementMethod":"BestPositionAlongLine","labelAnchorPoint":"CenterOfLabel","distanceUnit":"Percentage","useLineDirection":true},"pointExternalZonePriorities":{"type":"CIMMaplexExternalZonePriorities","aboveLeft":4,"aboveCenter":2,"aboveRight":1,"centerRight":3,"belowRight":5,"belowCenter":7,"belowLeft":8,"centerLeft":6},"pointPlacementMethod":"AroundPoint","polygonAnchorPointType":"GeometricCenter","polygonBoundaryWeight":0,"polygonExternalZones":{"type":"CIMMaplexExternalZonePriorities","aboveLeft":4,"aboveCenter":2,"aboveRight":1,"centerRight":3,"belowRight":5,"belowCenter":7,"belowLeft":8,"centerLeft":6},"polygonFeatureType":"General","polygonInternalZones":{"type":"CIMMaplexInternalZonePriorities","center":1},"polygonPlacementMethod":"HorizontalInPolygon","primaryOffset":1,"primaryOffsetUnit":"Point","removeExtraWhiteSpace":true,"repetitionIntervalUnit":"Point","rotationProperties":{"type":"CIMMaplexRotationProperties","rotationType":"Arithmetic","alignmentType":"Straight"},"secondaryOffset":100,"strategyPriorities":{"type":"CIMMaplexStrategyPriorities","stacking":1,"overrun":2,"fontCompression":3,"fontReduction":4,"abbreviation":5},"thinningDistanceUnit":"Point","truncationMarkerCharacter":".","truncationMinimumLength":1,"truncationPreferredCharacters":"aeiou","truncationExcludedCharacters":"0123456789","polygonAnchorPointPerimeterInsetUnit":"Point"},"name":"Class 1","priority":-1,"standardLabelPlacementProperties":{"type":"CIMStandardLabelPlacementProperties","featureType":"Line","featureWeight":"None","labelWeight":"High","numLabelsOption":"OneLabelPerName","lineLabelPosition":{"type":"CIMStandardLineLabelPosition","above":true,"inLine":true,"parallel":true},"lineLabelPriorities":{"type":"CIMStandardLineLabelPriorities","aboveStart":3,"aboveAlong":3,"aboveEnd":3,"centerStart":3,"centerAlong":3,"centerEnd":3,"belowStart":3,"belowAlong":3,"belowEnd":3},"pointPlacementMethod":"AroundPoint","pointPlacementPriorities":{"type":"CIMStandardPointPlacementPriorities","aboveLeft":2,"aboveCenter":2,"aboveRight":1,"centerLeft":3,"centerRight":2,"belowLeft":3,"belowCenter":3,"belowRight":2},"rotationType":"Arithmetic","polygonPlacementMethod":"AlwaysHorizontal"},"textSymbol":{"type":"CIMSymbolReference","symbol":{"type":"CIMTextSymbol","blockProgression":"TTB","depth3D":1,"extrapolateBaselines":true,"fontEffects":"Normal","fontEncoding":"Unicode","fontFamilyName":"Tahoma","fontStyleName":"Regular","fontType":"Unspecified","haloSize":1,"height":10,"hinting":"Default","horizontalAlignment":"Left","kerning":true,"letterWidth":100,"ligatures":true,"lineGapType":"ExtraLeading","symbol":{"type":"CIMPolygonSymbol","symbolLayers":[{"type":"CIMSolidFill","enable":true,"color":{"type":"CIMRGBColor","values":[0,0,0,100]}}]},"textCase":"Normal","textDirection":"LTR","verticalAlignment":"Bottom","verticalGlyphOrientation":"Right","wordSpacing":100,"billboardMode3D":"FaceNearPlane"}},"useCodedValue":true,"visibility":true,"iD":-1}],"renderer":{"type":"CIMSimpleRenderer","patch":"Default","symbol":{"type":"CIMSymbolReference","symbol":{"type":"CIMPolygonSymbol","symbolLayers":[{"type":"CIMSolidStroke","enable":true,"capStyle":"Round","joinStyle":"Round","lineStyle3D":"Strip","miterLimit":10,"width":0.69999999999999996,"color":{"type":"CIMRGBColor","values":[110,110,110,100]}},{"type":"CIMSolidFill","enable":true,"color":{"type":"CIMRGBColor","values":[252.449999999999989,189.34,226.150000000000006,100]}}]}}},"scaleSymbols":true,"snappable":true}]}</LayerFile></DataProperties><SyncDate>20210309</SyncDate><SyncTime>11251100</SyncTime><ModDate>20210309</ModDate><ModTime>11251100</ModTime></Esri><dataIdInfo><envirDesc Sync="TRUE"> Version 6.2 (Build 9200) ; Esri ArcGIS 10.7.1.11595</envirDesc><dataLang><languageCode value="spa" Sync="TRUE"></languageCode><countryCode value="MEX" Sync="TRUE"></countryCode></dataLang><idCitation><resTitle Sync="TRUE">RUNAP_2000_Clip_Union_Dissol</resTitle><presForm><PresFormCd value="005" Sync="TRUE"></PresFormCd></presForm></idCitation><spatRpType><SpatRepTypCd value="001" Sync="TRUE"></SpatRepTypCd></spatRpType></dataIdInfo><mdLang><languageCode value="spa" Sync="TRUE"></languageCode><countryCode value="MEX" Sync="TRUE"></countryCode></mdLang><distInfo><distFormat><formatName Sync="TRUE">Shapefile</formatName></distFormat><distTranOps><transSize Sync="TRUE">0.000</transSize></distTranOps></distInfo><mdHrLv><ScopeCd value="005" Sync="TRUE"></ScopeCd></mdHrLv><mdHrLvName Sync="TRUE">dataset</mdHrLvName><refSysInfo><RefSystem><refSysID><identCode code="3116" Sync="TRUE"></identCode><idCodeSpace Sync="TRUE">EPSG</idCodeSpace><idVersion Sync="TRUE">8.6(9.2.0)</idVersion></refSysID></RefSystem></refSysInfo><spatRepInfo><VectSpatRep><geometObjs Name="RUNAP_2000_Clip_Union_Dissol"><geoObjTyp><GeoObjTypCd value="002" Sync="TRUE"></GeoObjTypCd></geoObjTyp><geoObjCnt Sync="TRUE">0</geoObjCnt></geometObjs><topLvl><TopoLevCd value="001" Sync="TRUE"></TopoLevCd></topLvl></VectSpatRep></spatRepInfo><spdoinfo><ptvctinf><esriterm Name="RUNAP_2000_Clip_Union_Dissol"><efeatyp Sync="TRUE">Simple</efeatyp><efeageom code="4" Sync="TRUE"></efeageom><esritopo Sync="TRUE">FALSE</esritopo><efeacnt Sync="TRUE">0</efeacnt><spindex Sync="TRUE">FALSE</spindex><linrefer Sync="TRUE">TRUE</linrefer></esriterm></ptvctinf></spdoinfo><eainfo><detailed Name="RUNAP_2000_Clip_Union_Dissol"><enttyp><enttypl Sync="TRUE">RUNAP_2000_Clip_Union_Dissol</enttypl><enttypt Sync="TRUE">Feature Class</enttypt><enttypc Sync="TRUE">0</enttypc></enttyp><attr><attrlabl Sync="TRUE">FID</attrlabl><attalias Sync="TRUE">FID</attalias><attrtype Sync="TRUE">OID</attrtype><attwidth Sync="TRUE">4</attwidth><atprecis Sync="TRUE">0</atprecis><attscale Sync="TRUE">0</attscale><attrdef Sync="TRUE">Internal feature number.</attrdef><attrdefs Sync="TRUE">Esri</attrdefs><attrdomv><udom Sync="TRUE">Sequential unique whole numbers that are automatically generated.</udom></attrdomv></attr><attr><attrlabl Sync="TRUE">Shape</attrlabl><attalias Sync="TRUE">Shape</attalias><attrtype Sync="TRUE">Geometry</attrtype><attwidth Sync="TRUE">0</attwidth><atprecis Sync="TRUE">0</atprecis><attscale Sync="TRUE">0</attscale><attrdef Sync="TRUE">Feature geometry.</attrdef><attrdefs Sync="TRUE">Esri</attrdefs><attrdomv><udom Sync="TRUE">Coordinates defining the features.</udom></attrdomv></attr><attr><attrlabl Sync="TRUE">DISS</attrlabl><attalias Sync="TRUE">DISS</attalias><attrtype Sync="TRUE">Integer</attrtype><attwidth Sync="TRUE">5</attwidth><atprecis Sync="TRUE">5</atprecis><attscale Sync="TRUE">0</attscale></attr></detailed></eainfo><mdDateSt Sync="TRUE">20210309</mdDateSt></metadata>
